{"cameraMode":{"drawMode":0,"name":"Shaded","section":"Shading Mode"},"sceneLighting":false,"audioPlay":false,"sceneViewState":{"m_AlwaysRefresh":false,"showFog":true,"showSkybox":false,"showFlares":true,"showImageEffects":true,"showParticleSystems":true,"showVisualEffectGraphs":true,"m_FxEnabled":true},"in2DMode":false,"pivot":{"x":-0.35606861114501955,"y":2.0274205207824709,"z":0.31632351875305178},"rotation":{"x":0.021284539252519609,"y":-0.9319263696670532,"z":0.055418115109205249,"w":0.3578304946422577},"size":1.7660142183303834,"orthographic":false}