{"cameraMode":{"drawMode":0,"name":"Shaded","section":"Shading Mode"},"sceneLighting":false,"audioPlay":false,"sceneViewState":{"m_AlwaysRefresh":false,"showFog":true,"showSkybox":false,"showFlares":true,"showImageEffects":true,"showParticleSystems":true,"showVisualEffectGraphs":true,"m_FxEnabled":true},"in2DMode":false,"pivot":{"x":0.06392794847488404,"y":0.8940739631652832,"z":0.7011353969573975},"rotation":{"x":0.05609333515167236,"y":-0.6288623809814453,"z":0.0455341562628746,"w":0.7741824388504028},"size":3.1815662384033205,"orthographic":false}