{"cameraMode":{"drawMode":0,"name":"Shaded","section":"Shading Mode"},"sceneLighting":false,"audioPlay":false,"sceneViewState":{"m_AlwaysRefresh":false,"showFog":true,"showSkybox":false,"showFlares":true,"showImageEffects":true,"showParticleSystems":true,"showVisualEffectGraphs":true,"m_FxEnabled":true},"in2DMode":false,"pivot":{"x":601.7875366210938,"y":12.072033882141114,"z":526.4359130859375},"rotation":{"x":0.003744883695617318,"y":-0.9907002449035645,"z":0.1339542418718338,"w":0.027337737381458284},"size":2.633850336074829,"orthographic":false}