{"cameraMode":{"drawMode":0,"name":"Shaded","section":"Shading Mode"},"sceneLighting":false,"audioPlay":false,"sceneViewState":{"m_AlwaysRefresh":false,"showFog":true,"showSkybox":false,"showFlares":true,"showImageEffects":true,"showParticleSystems":true,"showVisualEffectGraphs":true,"m_FxEnabled":true},"in2DMode":false,"pivot":{"x":0.1219823956489563,"y":-0.969748318195343,"z":0.2783142328262329},"rotation":{"x":-0.03929957002401352,"y":0.006592493504285812,"z":-0.0002453120250720531,"w":-0.999222993850708},"size":1.3498876094818116,"orthographic":false}