{"cameraMode":{"drawMode":0,"name":"Shaded","section":"Shading Mode"},"sceneLighting":false,"audioPlay":false,"sceneViewState":{"m_AlwaysRefresh":false,"showFog":true,"showSkybox":false,"showFlares":true,"showImageEffects":true,"showParticleSystems":true,"showVisualEffectGraphs":true,"m_FxEnabled":true},"in2DMode":false,"pivot":{"x":516.6823120117188,"y":12.929840087890625,"z":567.249755859375},"rotation":{"x":0.0000537026280653663,"y":-0.9999709725379944,"z":0.003309366526082158,"w":0.009606577455997467},"size":8.97665786743164,"orthographic":false}