{"cameraMode":{"drawMode":0,"name":"Shaded","section":"Shading Mode"},"sceneLighting":false,"audioPlay":false,"sceneViewState":{"m_AlwaysRefresh":false,"showFog":true,"showSkybox":false,"showFlares":true,"showImageEffects":true,"showParticleSystems":true,"showVisualEffectGraphs":true,"m_FxEnabled":true},"in2DMode":false,"pivot":{"x":612.7742919921875,"y":15.13178825378418,"z":528.7898559570313},"rotation":{"x":-0.003822219092398882,"y":-0.9959761500358582,"z":0.05264775827527046,"w":-0.07273005694150925},"size":10.743951797485352,"orthographic":false}