{"cameraMode":{"drawMode":0,"name":"Shaded","section":"Shading Mode"},"sceneLighting":false,"audioPlay":false,"sceneViewState":{"m_AlwaysRefresh":false,"showFog":true,"showSkybox":false,"showFlares":true,"showImageEffects":true,"showParticleSystems":true,"showVisualEffectGraphs":true,"m_FxEnabled":true},"in2DMode":false,"pivot":{"x":601.2974853515625,"y":12.35328197479248,"z":526.4029541015625},"rotation":{"x":-0.005854110699146986,"y":0.9838833808898926,"z":-0.032784927636384967,"w":-0.17568333446979524},"size":0.8801427483558655,"orthographic":false}